Exchange Name,Reported Instrument Name,Report Month Name,Report Year,Report_Year_Month,Volume,Open_Interest
Chicago Board of Trade,Corn,January,1993,1993-01,517511,
Chicago Board of Trade,Corn,February,1993,1993-02,636366,
Chicago Board of Trade,Corn,March,1993,1993-03,774057,
Chicago Board of Trade,Corn,April,1993,1993-04,894734,
Chicago Board of Trade,Corn,May,1993,1993-05,688057,
Chicago Board of Trade,Corn,June,1993,1993-06,1047372,
Chicago Board of Trade,Corn,July,1993,1993-07,1395564,
Chicago Board of Trade,Corn,August,1993,1993-08,1014146,
Chicago Board of Trade,Corn,September,1993,1993-09,896057,
Chicago Board of Trade,Corn,October,1993,1993-10,1036057,
Chicago Board of Trade,Corn,November,1993,1993-11,1574424,
Chicago Board of Trade,Corn,December,1993,1993-12,988273,
Chicago Board of Trade,Corn,January,1994,1994-01,1251358,
Chicago Board of Trade,Corn,February,1994,1994-02,1035552,
Chicago Board of Trade,Corn,March,1994,1994-03,1045629,
Chicago Board of Trade,Corn,April,1994,1994-04,1108860,
Chicago Board of Trade,Corn,May,1994,1994-05,1079209,
Chicago Board of Trade,Corn,June,1994,1994-06,1455026,
Chicago Board of Trade,Corn,July,1994,1994-07,747590,
Chicago Board of Trade,Corn,August,1994,1994-08,601799,
Chicago Board of Trade,Corn,September,1994,1994-09,615053,
Chicago Board of Trade,Corn,October,1994,1994-10,703070,
Chicago Board of Trade,Corn,November,1994,1994-11,1025431,
Chicago Board of Trade,Corn,December,1994,1994-12,861307,
Chicago Board of Trade,Corn,January,1995,1995-01,787223,
Chicago Board of Trade,Corn,February,1995,1995-02,832399,
Chicago Board of Trade,Corn,March,1995,1995-03,973696,
Chicago Board of Trade,Corn,April,1995,1995-04,987706,
Chicago Board of Trade,Corn,May,1995,1995-05,1213714,
Chicago Board of Trade,Corn,June,1995,1995-06,1759501,
Chicago Board of Trade,Corn,July,1995,1995-07,1299742,
Chicago Board of Trade,Corn,August,1995,1995-08,1318538,
Chicago Board of Trade,Corn,September,1995,1995-09,1220222,
Chicago Board of Trade,Corn,October,1995,1995-10,1613217,
Chicago Board of Trade,Corn,November,1995,1995-11,1743147,
Chicago Board of Trade,Corn,December,1995,1995-12,1356042,
Chicago Board of Trade,Corn,January,1996,1996-01,1992182,
Chicago Board of Trade,Corn,February,1996,1996-02,1819646,
Chicago Board of Trade,Corn,March,1996,1996-03,1607555,
Chicago Board of Trade,Corn,April,1996,1996-04,2655234,
Chicago Board of Trade,Corn,May,1996,1996-05,2085183,
Chicago Board of Trade,Corn,June,1996,1996-06,1545071,
Chicago Board of Trade,Corn,July,1996,1996-07,1590507,
Chicago Board of Trade,Corn,August,1996,1996-08,1144618,
Chicago Board of Trade,Corn,September,1996,1996-09,1183440,
Chicago Board of Trade,Corn,October,1996,1996-10,1435686,
Chicago Board of Trade,Corn,November,1996,1996-11,1514741,
Chicago Board of Trade,Corn,December,1996,1996-12,1046325,
Chicago Board of Trade,Corn,January,1997,1997-01,1160623,
Chicago Board of Trade,Corn,February,1997,1997-02,1482968,
Chicago Board of Trade,Corn,March,1997,1997-03,1693321,
Chicago Board of Trade,Corn,April,1997,1997-04,1780124,
Chicago Board of Trade,Corn,May,1997,1997-05,1291661,
Chicago Board of Trade,Corn,June,1997,1997-06,1347471,
Chicago Board of Trade,Corn,July,1997,1997-07,1527704,
Chicago Board of Trade,Corn,August,1997,1997-08,1318329,
Chicago Board of Trade,Corn,September,1997,1997-09,1060169,
Chicago Board of Trade,Corn,October,1997,1997-10,1700192,
Chicago Board of Trade,Corn,November,1997,1997-11,1434365,
Chicago Board of Trade,Corn,December,1997,1997-12,1188024,
Chicago Board of Trade,Corn,January,1998,1998-01,1250238,
Chicago Board of Trade,Corn,February,1998,1998-02,1276500,
Chicago Board of Trade,Corn,March,1998,1998-03,1432756,
Chicago Board of Trade,Corn,April,1998,1998-04,1620277,
Chicago Board of Trade,Corn,May,1998,1998-05,1148529,
Chicago Board of Trade,Corn,June,1998,1998-06,1770962,
Chicago Board of Trade,Corn,July,1998,1998-07,1415304,
Chicago Board of Trade,Corn,August,1998,1998-08,1231402,
Chicago Board of Trade,Corn,September,1998,1998-09,1126340,
Chicago Board of Trade,Corn,October,1998,1998-10,1319324,
Chicago Board of Trade,Corn,November,1998,1998-11,1217237,
Chicago Board of Trade,Corn,December,1998,1998-12,986624,
Chicago Board of Trade,Corn,January,1999,1999-01,955052,
Chicago Board of Trade,Corn,February,1999,1999-02,1374215,
Chicago Board of Trade,Corn,March,1999,1999-03,1440140,
Chicago Board of Trade,Corn,April,1999,1999-04,1420602,
Chicago Board of Trade,Corn,May,1999,1999-05,975104,
Chicago Board of Trade,Corn,June,1999,1999-06,1597402,
Chicago Board of Trade,Corn,July,1999,1999-07,1707950,
Chicago Board of Trade,Corn,August,1999,1999-08,1669768,
Chicago Board of Trade,Corn,September,1999,1999-09,1131919,
Chicago Board of Trade,Corn,October,1999,1999-10,1096214,
Chicago Board of Trade,Corn,November,1999,1999-11,1500856,
Chicago Board of Trade,Corn,December,1999,1999-12,855623,
Chicago Board of Trade,Corn,January,2000,2000-01,1502152,
Chicago Board of Trade,Corn,February,2000,2000-02,1580931,
Chicago Board of Trade,Corn,March,2000,2000-03,1713115,
Chicago Board of Trade,Corn,April,2000,2000-04,1386276,
Chicago Board of Trade,Corn,May,2000,2000-05,1789708,
Chicago Board of Trade,Corn,June,2000,2000-06,1830729,
Chicago Board of Trade,Corn,July,2000,2000-07,1178277,
Chicago Board of Trade,Corn,August,2000,2000-08,1291835,
Chicago Board of Trade,Corn,September,2000,2000-09,1057383,
Chicago Board of Trade,Corn,October,2000,2000-10,1256107,
Chicago Board of Trade,Corn,November,2000,2000-11,1612819,
Chicago Board of Trade,Corn,December,2000,2000-12,986110,
Chicago Board of Trade,Corn,January,2001,2001-01,1397157,
Chicago Board of Trade,Corn,February,2001,2001-02,1197431,
Chicago Board of Trade,Corn,March,2001,2001-03,1329513,
Chicago Board of Trade,Corn,April,2001,2001-04,1518687,
Chicago Board of Trade,Corn,May,2001,2001-05,1173200,
Chicago Board of Trade,Corn,June,2001,2001-06,1612082,
Chicago Board of Trade,Corn,July,2001,2001-07,2023452,
Chicago Board of Trade,Corn,August,2001,2001-08,1549048,
Chicago Board of Trade,Corn,September,2001,2001-09,1072305,
Chicago Board of Trade,Corn,October,2001,2001-10,1223319,
Chicago Board of Trade,Corn,November,2001,2001-11,1741175,
Chicago Board of Trade,Corn,December,2001,2001-12,891379,
Chicago Board of Trade,Corn,January,2002,2002-01,996348,
Chicago Board of Trade,Corn,February,2002,2002-02,1449585,
Chicago Board of Trade,Corn,March,2002,2002-03,944726,
Chicago Board of Trade,Corn,April,2002,2002-04,1497987,
Chicago Board of Trade,Corn,May,2002,2002-05,1434523,
Chicago Board of Trade,Corn,June,2002,2002-06,1851474,
Chicago Board of Trade,Corn,July,2002,2002-07,1958374,
Chicago Board of Trade,Corn,August,2002,2002-08,2158744,
Chicago Board of Trade,Corn,September,2002,2002-09,1635443,
Chicago Board of Trade,Corn,October,2002,2002-10,1523286,
Chicago Board of Trade,Corn,November,2002,2002-11,1801423,
Chicago Board of Trade,Corn,December,2002,2002-12,880534,
Chicago Board of Trade,Corn,January,2003,2003-01,1203956,
Chicago Board of Trade,Corn,February,2003,2003-02,1559136,
Chicago Board of Trade,Corn,March,2003,2003-03,1156894,
Chicago Board of Trade,Corn,April,2003,2003-04,1633109,
Chicago Board of Trade,Corn,May,2003,2003-05,1657011,
Chicago Board of Trade,Corn,June,2003,2003-06,1951221,
Chicago Board of Trade,Corn,July,2003,2003-07,1499301,
Chicago Board of Trade,Corn,August,2003,2003-08,1830553,
Chicago Board of Trade,Corn,September,2003,2003-09,1389662,
Chicago Board of Trade,Corn,October,2003,2003-10,2057675,
Chicago Board of Trade,Corn,November,2003,2003-11,1815865,
Chicago Board of Trade,Corn,December,2003,2003-12,1364332,
Chicago Board of Trade,Corn,January,2004,2004-01,2025714,
Chicago Board of Trade,Corn,February,2004,2004-02,2367019,
Chicago Board of Trade,Corn,March,2004,2004-03,2190924,
Chicago Board of Trade,Corn,April,2004,2004-04,2870908,
Chicago Board of Trade,Corn,May,2004,2004-05,1855313,
Chicago Board of Trade,Corn,June,2004,2004-06,2538607,
Chicago Board of Trade,Corn,July,2004,2004-07,1740519,
Chicago Board of Trade,Corn,August,2004,2004-08,1882962,
Chicago Board of Trade,Corn,September,2004,2004-09,1446905,
Chicago Board of Trade,Corn,October,2004,2004-10,1476440,
Chicago Board of Trade,Corn,November,2004,2004-11,2473306,
Chicago Board of Trade,Corn,December,2004,2004-12,1169616,
Chicago Board of Trade,Corn,January,2005,2005-01,1467819,
Chicago Board of Trade,Corn,February,2005,2005-02,2680775,
Chicago Board of Trade,Corn,March,2005,2005-03,2278130,
Chicago Board of Trade,Corn,April,2005,2005-04,2519126,
Chicago Board of Trade,Corn,May,2005,2005-05,2188336,
Chicago Board of Trade,Corn,June,2005,2005-06,3446087,
Chicago Board of Trade,Corn,July,2005,2005-07,2625990,
Chicago Board of Trade,Corn,August,2005,2005-08,2993565,
Chicago Board of Trade,Corn,September,2005,2005-09,1618483,
Chicago Board of Trade,Corn,October,2005,2005-10,1504249,
Chicago Board of Trade,Corn,November,2005,2005-11,2892150,
Chicago Board of Trade,Corn,December,2005,2005-12,1750347,
Chicago Board of Trade,Corn,January,2006,2006-01,2494586,
Chicago Board of Trade,Corn,February,2006,2006-02,3599089,
Chicago Board of Trade,Corn,March,2006,2006-03,3041010,
Chicago Board of Trade,Corn,April,2006,2006-04,3507496,
Chicago Board of Trade,Corn,May,2006,2006-05,3773120,
Chicago Board of Trade,Corn,June,2006,2006-06,4693364,
Chicago Board of Trade,Corn,July,2006,2006-07,3743578,
Chicago Board of Trade,Corn,August,2006,2006-08,4226904,
Chicago Board of Trade,Corn,September,2006,2006-09,3760527,
Chicago Board of Trade,Corn,October,2006,2006-10,5300233,
Chicago Board of Trade,Corn,November,2006,2006-11,6279425,
Chicago Board of Trade,Corn,December,2006,2006-12,2820561,
Chicago Board of Trade,Corn,January,2007,2007-01,5166546,
Chicago Board of Trade,Corn,February,2007,2007-02,5111645,
Chicago Board of Trade,Corn,March,2007,2007-03,4958994,
Chicago Board of Trade,Corn,April,2007,2007-04,6095426,
Chicago Board of Trade,Corn,May,2007,2007-05,4519920,
Chicago Board of Trade,Corn,June,2007,2007-06,6090924,
Chicago Board of Trade,Corn,July,2007,2007-07,4035670,
Chicago Board of Trade,Corn,August,2007,2007-08,4344146,
Chicago Board of Trade,Corn,September,2007,2007-09,3128914,
Chicago Board of Trade,Corn,October,2007,2007-10,3306485,
Chicago Board of Trade,Corn,November,2007,2007-11,4615561,
Chicago Board of Trade,Corn,December,2007,2007-12,3145921,
Chicago Board of Trade,Corn,January,2008,2008-01,4213195,
Chicago Board of Trade,Corn,February,2008,2008-02,5808164,
Chicago Board of Trade,Corn,March,2008,2008-03,4350822,
Chicago Board of Trade,Corn,April,2008,2008-04,6501099,
Chicago Board of Trade,Corn,May,2008,2008-05,4876851,
Chicago Board of Trade,Corn,June,2008,2008-06,7593798,
Chicago Board of Trade,Corn,July,2008,2008-07,5402238,
Chicago Board of Trade,Corn,August,2008,2008-08,4989108,
Chicago Board of Trade,Corn,September,2008,2008-09,3934661,
Chicago Board of Trade,Corn,October,2008,2008-10,4572461,
Chicago Board of Trade,Corn,November,2008,2008-11,4448554,
Chicago Board of Trade,Corn,December,2008,2008-12,3266167,
Chicago Board of Trade,Corn,January,2009,2009-01,3041279,
Chicago Board of Trade,Corn,February,2009,2009-02,4487066,
Chicago Board of Trade,Corn,March,2009,2009-03,3684893,
Chicago Board of Trade,Corn,April,2009,2009-04,4567603,
Chicago Board of Trade,Corn,May,2009,2009-05,4151848,
Chicago Board of Trade,Corn,June,2009,2009-06,5636827,
Chicago Board of Trade,Corn,July,2009,2009-07,4765779,
Chicago Board of Trade,Corn,August,2009,2009-08,4441775,
Chicago Board of Trade,Corn,September,2009,2009-09,3153761,
Chicago Board of Trade,Corn,October,2009,2009-10,4374024,
Chicago Board of Trade,Corn,November,2009,2009-11,5509056,
Chicago Board of Trade,Corn,December,2009,2009-12,3134893,
Chicago Board of Trade,Corn,January,2010,2010-01,4025928,
Chicago Board of Trade,Corn,February,2010,2010-02,5217463,
Chicago Board of Trade,Corn,March,2010,2010-03,3935367,
Chicago Board of Trade,Corn,April,2010,2010-04,6466011,
Chicago Board of Trade,Corn,May,2010,2010-05,4240579,
Chicago Board of Trade,Corn,June,2010,2010-06,6207781,
Chicago Board of Trade,Corn,July,2010,2010-07,4863751,
Chicago Board of Trade,Corn,August,2010,2010-08,6899622,
Chicago Board of Trade,Corn,September,2010,2010-09,7033734,
Chicago Board of Trade,Corn,October,2010,2010-10,7501104,
Chicago Board of Trade,Corn,November,2010,2010-11,9169702,
Chicago Board of Trade,Corn,December,2010,2010-12,4280378,
Chicago Board of Trade,Corn,January,2011,2011-01,5980991,
Chicago Board of Trade,Corn,February,2011,2011-02,7473077,
Chicago Board of Trade,Corn,March,2011,2011-03,7552429,
Chicago Board of Trade,Corn,April,2011,2011-04,8715138,
Chicago Board of Trade,Corn,May,2011,2011-05,5676886,
Chicago Board of Trade,Corn,June,2011,2011-06,8639534,
Chicago Board of Trade,Corn,July,2011,2011-07,5119287,
Chicago Board of Trade,Corn,August,2011,2011-08,6834948,
Chicago Board of Trade,Corn,September,2011,2011-09,5385719,
Chicago Board of Trade,Corn,October,2011,2011-10,5568224,
Chicago Board of Trade,Corn,November,2011,2011-11,8003377,
Chicago Board of Trade,Corn,December,2011,2011-12,4055191,
Chicago Board of Trade,Corn,January,2012,2012-01,6194823,
Chicago Board of Trade,Corn,February,2012,2012-02,7388641,
Chicago Board of Trade,Corn,March,2012,2012-03,6538505,
Chicago Board of Trade,Corn,April,2012,2012-04,7417989,
Chicago Board of Trade,Corn,May,2012,2012-05,6162509,
Chicago Board of Trade,Corn,June,2012,2012-06,8026952,
Chicago Board of Trade,Corn,July,2012,2012-07,6825321,
Chicago Board of Trade,Corn,August,2012,2012-08,6003030,
Chicago Board of Trade,Corn,September,2012,2012-09,4164729,
Chicago Board of Trade,Corn,October,2012,2012-10,4701567,
Chicago Board of Trade,Corn,November,2012,2012-11,6406794,
Chicago Board of Trade,Corn,December,2012,2012-12,3353477,
Chicago Board of Trade,Corn,January,2013,2013-01,5151355,1268697
Chicago Board of Trade,Corn,February,2013,2013-02,6347618,1213305
Chicago Board of Trade,Corn,March,2013,2013-03,4929471,1363425
Chicago Board of Trade,Corn,April,2013,2013-04,7089870,1156772
Chicago Board of Trade,Corn,May,2013,2013-05,4937677,1194030
Chicago Board of Trade,Corn,June,2013,2013-06,5823566,1093487
Chicago Board of Trade,Corn,July,2013,2013-07,4824910,1164868
Chicago Board of Trade,Corn,August,2013,2013-08,6128160,1069163
Chicago Board of Trade,Corn,September,2013,2013-09,3436274,1171028
Chicago Board of Trade,Corn,October,2013,2013-10,4919498,1325416
Chicago Board of Trade,Corn,November,2013,2013-11,7695192,1202579
Chicago Board of Trade,Corn,December,2013,2013-12,3039009,1203205
Chicago Board of Trade,Corn,January,2014,2014-01,5790830,1305295
Chicago Board of Trade,Corn,February,2014,2014-02,7614449,1269183
Chicago Board of Trade,Corn,March,2014,2014-03,5772236,1341961
Chicago Board of Trade,Corn,April,2014,2014-04,6996160,1357629
Chicago Board of Trade,Corn,May,2014,2014-05,4613453,1344704
Chicago Board of Trade,Corn,June,2014,2014-06,6677819,1289102
Chicago Board of Trade,Corn,July,2014,2014-07,4938356,1379315
Chicago Board of Trade,Corn,August,2014,2014-08,5781345,1221454
Chicago Board of Trade,Corn,September,2014,2014-09,3784403,1284842
Chicago Board of Trade,Corn,October,2014,2014-10,5875417,1289260
Chicago Board of Trade,Corn,November,2014,2014-11,7439716,1197127
Chicago Board of Trade,Corn,December,2014,2014-12,4153120,1237356
Chicago Board of Trade,Corn,January,2015,2015-01,5468902,1354045
Chicago Board of Trade,Corn,February,2015,2015-02,6810941,1245936
Chicago Board of Trade,Corn,March,2015,2015-03,6111206,1352918
Chicago Board of Trade,Corn,April,2015,2015-04,7860203,1294226
Chicago Board of Trade,Corn,May,2015,2015-05,5957493,1437826
Chicago Board of Trade,Corn,June,2015,2015-06,10795436,1309238
Chicago Board of Trade,Corn,July,2015,2015-07,8553191,1364290
Chicago Board of Trade,Corn,August,2015,2015-08,7835884,1197585
Chicago Board of Trade,Corn,September,2015,2015-09,4880330,1308170
Chicago Board of Trade,Corn,October,2015,2015-10,5708649,1349249
Chicago Board of Trade,Corn,November,2015,2015-11,8736527,1295784
Chicago Board of Trade,Corn,December,2015,2015-12,4375509,1334192
Chicago Board of Trade,Corn,January,2016,2016-01,5878059,1370959
Chicago Board of Trade,Corn,February,2016,2016-02,7858482,1327763
Chicago Board of Trade,Corn,March,2016,2016-03,6061119,1389765
Chicago Board of Trade,Corn,April,2016,2016-04,11510436,1372504
Chicago Board of Trade,Corn,May,2016,2016-05,6909246,1411470
Chicago Board of Trade,Corn,June,2016,2016-06,11322004,1306209
Chicago Board of Trade,Corn,July,2016,2016-07,6258799,1318161
Chicago Board of Trade,Corn,August,2016,2016-08,7704522,1317029
Chicago Board of Trade,Corn,September,2016,2016-09,4498049,1325077
Chicago Board of Trade,Corn,October,2016,2016-10,5321372,1351820
Chicago Board of Trade,Corn,November,2016,2016-11,8319704,1233947
Chicago Board of Trade,Corn,December,2016,2016-12,3983427,1237798
New York Mercantile Exchange,Brent Crude Oil,January,2003,2003-01,30,
New York Mercantile Exchange,Brent Crude Oil,September,2002,2002-09,200,
New York Mercantile Exchange,Brent Crude Oil,October,2002,2002-10,60,
New York Mercantile Exchange,Brent Crude Oil,June,2002,2002-06,30,
New York Mercantile Exchange,Brent Crude Oil,April,2002,2002-04,13,
New York Mercantile Exchange,Brent Crude Oil,January,2002,2002-01,864,
New York Mercantile Exchange,Brent Crude Oil,July,2002,2002-07,15,
New York Mercantile Exchange,Brent Crude Oil,February,2002,2002-02,193,
New York Mercantile Exchange,Brent Crude Oil,September,2001,2001-09,40952,
New York Mercantile Exchange,Brent Crude Oil,March,2002,2002-03,43,
New York Mercantile Exchange,Brent Crude Oil,October,2001,2001-10,5256,
New York Mercantile Exchange,Brent Crude Oil,May,2002,2002-05,98,
New York Mercantile Exchange,Brent Crude Oil,November,2001,2001-11,2538,
New York Mercantile Exchange,Brent Crude Oil,December,2001,2001-12,819,
New York Mercantile Exchange,Brent Crude Oil,May,2006,2006-05,3,
New York Mercantile Exchange,Brent Crude Oil,June,2006,2006-06,100,
New York Mercantile Exchange,Brent Crude Oil,February,2006,2006-02,1498,
New York Mercantile Exchange,Brent Crude Oil,November,2005,2005-11,9406,
New York Mercantile Exchange,Brent Crude Oil,December,2005,2005-12,4338,
New York Mercantile Exchange,Brent Crude Oil,March,2006,2006-03,412,
New York Mercantile Exchange,Brent Crude Oil,April,2006,2006-04,580,
New York Mercantile Exchange,Brent Crude Oil,September,2005,2005-09,111356,
New York Mercantile Exchange,Brent Crude Oil,October,2005,2005-10,30017,
New York Mercantile Exchange,Brent Crude Oil,February,2005,2005-02,31080,
New York Mercantile Exchange,Brent Crude Oil,March,2005,2005-03,31705,
New York Mercantile Exchange,Brent Crude Oil,June,2005,2005-06,141775,
New York Mercantile Exchange,Brent Crude Oil,April,2005,2005-04,206264,
New York Mercantile Exchange,Brent Crude Oil,May,2005,2005-05,179286,
New York Mercantile Exchange,Brent Crude Oil,November,2004,2004-11,95435,
New York Mercantile Exchange,Brent Crude Oil,August,2005,2005-08,91097,
New York Mercantile Exchange,Brent Crude Oil,December,2004,2004-12,39950,
New York Mercantile Exchange,Brent Crude Oil,January,2005,2005-01,54464,
New York Mercantile Exchange,Brent Crude Oil,July,2005,2005-07,95746,
ICE Futures Europe,Brent Crude Oil,March,2010,2010-03,9278614,
ICE Futures Europe,Brent Crude Oil,April,2010,2010-04,8817777,
ICE Futures Europe,Brent Crude Oil,February,2010,2010-02,8055262,
ICE Futures Europe,Brent Crude Oil,June,2010,2010-06,8342773,
ICE Futures Europe,Brent Crude Oil,May,2010,2010-05,9033021,
ICE Futures Europe,Brent Crude Oil,November,2009,2009-11,6504306,
ICE Futures Europe,Brent Crude Oil,October,2009,2009-10,6900422,
ICE Futures Europe,Brent Crude Oil,September,2009,2009-09,6573999,
ICE Futures Europe,Brent Crude Oil,December,2009,2009-12,6295463,
ICE Futures Europe,Brent Crude Oil,January,2010,2010-01,7117165,
ICE Futures Europe,Brent Crude Oil,May,2009,2009-05,5434520,
ICE Futures Europe,Brent Crude Oil,April,2009,2009-04,5314734,
ICE Futures Europe,Brent Crude Oil,June,2009,2009-06,6109410,
ICE Futures Europe,Brent Crude Oil,March,2009,2009-03,6197717,
ICE Futures Europe,Brent Crude Oil,July,2009,2009-07,7148810,
ICE Futures Europe,Brent Crude Oil,August,2009,2009-08,5568142,
International Petroleum Exchange,Brent Crude Oil,May,2003,2003-05,1926570,
International Petroleum Exchange,Brent Crude Oil,June,2003,2003-06,1988833,
International Petroleum Exchange,Brent Crude Oil,October,2003,2003-10,2271186,
International Petroleum Exchange,Brent Crude Oil,August,2003,2003-08,1753540,
International Petroleum Exchange,Brent Crude Oil,November,2003,2003-11,1816441,
International Petroleum Exchange,Brent Crude Oil,September,2003,2003-09,2166464,
International Petroleum Exchange,Brent Crude Oil,March,2003,2003-03,2244731,
International Petroleum Exchange,Brent Crude Oil,July,2003,2003-07,1972165,
International Petroleum Exchange,Brent Crude Oil,December,2003,2003-12,1729030,
International Petroleum Exchange,Brent Crude Oil,April,2003,2003-04,1965154,
ICE Futures Europe,Brent Crude Oil,November,2008,2008-11,5341272,
ICE Futures Europe,Brent Crude Oil,December,2008,2008-12,5123791,
ICE Futures Europe,Brent Crude Oil,February,2009,2009-02,5533750,
ICE Futures Europe,Brent Crude Oil,September,2008,2008-09,5959808,
ICE Futures Europe,Brent Crude Oil,January,2009,2009-01,6556477,
ICE Futures Europe,Brent Crude Oil,October,2008,2008-10,6428550,
ICE Futures Europe,Brent Crude Oil,March,2008,2008-03,5677790,
National Commodity & Derivatives Exchange,Brent Crude Oil,April,2008,2008-04,2,
ICE Futures Europe,Brent Crude Oil,July,2008,2008-07,5500454,
ICE Futures Europe,Brent Crude Oil,June,2008,2008-06,5808412,
ICE Futures Europe,Brent Crude Oil,August,2008,2008-08,5060004,
ICE Futures Europe,Brent Crude Oil,April,2008,2008-04,5703333,
ICE Futures Europe,Brent Crude Oil,May,2008,2008-05,6702442,
International Petroleum Exchange,Brent Crude Oil,October,1994,1994-10,888603,
International Petroleum Exchange,Brent Crude Oil,December,1994,1994-12,744074,
International Petroleum Exchange,Brent Crude Oil,August,1995,1995-08,711659,
International Petroleum Exchange,Brent Crude Oil,May,1995,1995-05,844969,
International Petroleum Exchange,Brent Crude Oil,November,1994,1994-11,987193,
International Petroleum Exchange,Brent Crude Oil,June,1995,1995-06,811771,
International Petroleum Exchange,Brent Crude Oil,July,1995,1995-07,731743,
International Petroleum Exchange,Brent Crude Oil,September,1995,1995-09,813724,
International Petroleum Exchange,Brent Crude Oil,October,1995,1995-10,805694,
International Petroleum Exchange,Brent Crude Oil,February,1995,1995-02,780570,
International Petroleum Exchange,Brent Crude Oil,March,1995,1995-03,865851,
International Petroleum Exchange,Brent Crude Oil,January,1995,1995-01,997640,
International Petroleum Exchange,Brent Crude Oil,April,1995,1995-04,932230,
International Petroleum Exchange,Brent Crude Oil,June,1994,1994-06,818105,
International Petroleum Exchange,Brent Crude Oil,January,1994,1994-01,920333,
International Petroleum Exchange,Brent Crude Oil,February,1994,1994-02,660142,
International Petroleum Exchange,Brent Crude Oil,April,1994,1994-04,863884,
International Petroleum Exchange,Brent Crude Oil,March,1994,1994-03,899468,
International Petroleum Exchange,Brent Crude Oil,July,1994,1994-07,801632,
International Petroleum Exchange,Brent Crude Oil,August,1994,1994-08,869816,
International Petroleum Exchange,Brent Crude Oil,May,1994,1994-05,845723,
International Petroleum Exchange,Brent Crude Oil,September,1994,1994-09,783788,
International Petroleum Exchange,Brent Crude Oil,June,1998,1998-06,1284372,
International Petroleum Exchange,Brent Crude Oil,November,1997,1997-11,837410,
International Petroleum Exchange,Brent Crude Oil,December,1997,1997-12,817150,
International Petroleum Exchange,Brent Crude Oil,February,1998,1998-02,1027284,
International Petroleum Exchange,Brent Crude Oil,August,1998,1998-08,976242,
International Petroleum Exchange,Brent Crude Oil,January,1998,1998-01,1145254,
International Petroleum Exchange,Brent Crude Oil,March,1998,1998-03,1318574,
International Petroleum Exchange,Brent Crude Oil,July,1998,1998-07,1200905,
International Petroleum Exchange,Brent Crude Oil,April,1998,1998-04,1119733,
International Petroleum Exchange,Brent Crude Oil,September,1998,1998-09,1191862,
International Petroleum Exchange,Brent Crude Oil,May,1998,1998-05,1099521,
International Petroleum Exchange,Brent Crude Oil,May,2000,2000-05,1564369,
International Petroleum Exchange,Brent Crude Oil,December,1999,1999-12,1080871,
International Petroleum Exchange,Brent Crude Oil,November,1999,1999-11,1532104,
International Petroleum Exchange,Brent Crude Oil,February,2000,2000-02,1366081,
International Petroleum Exchange,Brent Crude Oil,January,2000,2000-01,1432041,
International Petroleum Exchange,Brent Crude Oil,October,1999,1999-10,1519932,
International Petroleum Exchange,Brent Crude Oil,September,1999,1999-09,1373596,
International Petroleum Exchange,Brent Crude Oil,April,2000,2000-04,1205474,
International Petroleum Exchange,Brent Crude Oil,March,2000,2000-03,1722957,
International Petroleum Exchange,Brent Crude Oil,June,2000,2000-06,1570274,
International Petroleum Exchange,Brent Crude Oil,July,1999,1999-07,1355896,
International Petroleum Exchange,Brent Crude Oil,December,1998,1998-12,1091223,
International Petroleum Exchange,Brent Crude Oil,January,1999,1999-01,1171182,
International Petroleum Exchange,Brent Crude Oil,November,1998,1998-11,1234174,
International Petroleum Exchange,Brent Crude Oil,February,1999,1999-02,932944,
International Petroleum Exchange,Brent Crude Oil,April,1999,1999-04,1328791,
International Petroleum Exchange,Brent Crude Oil,June,1999,1999-06,1294641,
International Petroleum Exchange,Brent Crude Oil,March,1999,1999-03,1700896,
International Petroleum Exchange,Brent Crude Oil,October,1998,1998-10,1171864,
International Petroleum Exchange,Brent Crude Oil,May,1999,1999-05,1326812,
International Petroleum Exchange,Brent Crude Oil,August,1999,1999-08,1364690,
International Petroleum Exchange,Brent Crude Oil,April,2001,2001-04,1562241,
International Petroleum Exchange,Brent Crude Oil,May,2001,2001-05,1582606,
International Petroleum Exchange,Brent Crude Oil,August,2000,2000-08,1453820,
International Petroleum Exchange,Brent Crude Oil,January,2001,2001-01,1607578,
International Petroleum Exchange,Brent Crude Oil,July,2000,2000-07,1478202,
International Petroleum Exchange,Brent Crude Oil,December,2000,2000-12,1224497,
International Petroleum Exchange,Brent Crude Oil,March,2001,2001-03,1593115,
International Petroleum Exchange,Brent Crude Oil,September,2000,2000-09,1592857,
International Petroleum Exchange,Brent Crude Oil,October,2000,2000-10,1338033,
International Petroleum Exchange,Brent Crude Oil,February,2001,2001-02,1285090,
International Petroleum Exchange,Brent Crude Oil,November,2000,2000-11,1349118,
International Petroleum Exchange,Brent Crude Oil,July,1997,1997-07,917282,
International Petroleum Exchange,Brent Crude Oil,March,1997,1997-03,854903,
International Petroleum Exchange,Brent Crude Oil,December,1996,1996-12,678023,
International Petroleum Exchange,Brent Crude Oil,August,1997,1997-08,713415,
International Petroleum Exchange,Brent Crude Oil,September,1997,1997-09,794733,
International Petroleum Exchange,Brent Crude Oil,May,1997,1997-05,795454,
International Petroleum Exchange,Brent Crude Oil,April,1997,1997-04,920309,
International Petroleum Exchange,Brent Crude Oil,October,1997,1997-10,1087557,
International Petroleum Exchange,Brent Crude Oil,June,1997,1997-06,887007,
International Petroleum Exchange,Brent Crude Oil,November,1996,1996-11,824649,
International Petroleum Exchange,Brent Crude Oil,January,1997,1997-01,865199,
International Petroleum Exchange,Brent Crude Oil,February,1997,1997-02,811499,
ICE Futures Europe,Brent Crude Oil,May,2006,2006-05,3531864,
ICE Futures Europe,Brent Crude Oil,February,2006,2006-02,3060351,
National Commodity & Derivatives Exchange,Brent Crude Oil,June,2006,2006-06,2592,
National Commodity & Derivatives Exchange,Brent Crude Oil,April,2006,2006-04,8144,
ICE Futures Europe,Brent Crude Oil,April,2006,2006-04,2932591,
ICE Futures Europe,Brent Crude Oil,June,2006,2006-06,3744043,
National Commodity & Derivatives Exchange,Brent Crude Oil,May,2006,2006-05,6770,
National Commodity & Derivatives Exchange,Brent Crude Oil,February,2006,2006-02,19217,
National Commodity & Derivatives Exchange,Brent Crude Oil,March,2006,2006-03,32358,
National Commodity & Derivatives Exchange,Brent Crude Oil,July,2006,2006-07,4890,
National Commodity & Derivatives Exchange,Brent Crude Oil,August,2006,2006-08,6406,
ICE Futures Europe,Brent Crude Oil,July,2006,2006-07,3783010,
ICE Futures Europe,Brent Crude Oil,March,2006,2006-03,3738287,
ICE Futures Europe,Brent Crude Oil,August,2006,2006-08,4044472,
ICE Futures Europe,Brent Crude Oil,November,2007,2007-11,5383261,
ICE Futures Europe,Brent Crude Oil,January,2008,2008-01,5627833,
National Commodity & Derivatives Exchange,Brent Crude Oil,January,2008,2008-01,964,
National Commodity & Derivatives Exchange,Brent Crude Oil,November,2007,2007-11,7054,
ICE Futures Europe,Brent Crude Oil,October,2007,2007-10,5575013,
National Commodity & Derivatives Exchange,Brent Crude Oil,February,2008,2008-02,353,
ICE Futures Europe,Brent Crude Oil,September,2007,2007-09,4989287,
ICE Futures Europe,Brent Crude Oil,December,2007,2007-12,4120631,
National Commodity & Derivatives Exchange,Brent Crude Oil,March,2008,2008-03,15,
ICE Futures Europe,Brent Crude Oil,February,2008,2008-02,5434456,
National Commodity & Derivatives Exchange,Brent Crude Oil,December,2007,2007-12,2368,
National Commodity & Derivatives Exchange,Brent Crude Oil,October,2007,2007-10,11182,
ICE Futures Europe,Brent Crude Oil,June,2007,2007-06,4912701,
ICE Futures Europe,Brent Crude Oil,May,2007,2007-05,5427417,
ICE Futures Europe,Brent Crude Oil,August,2007,2007-08,4980803,
National Commodity & Derivatives Exchange,Brent Crude Oil,March,2007,2007-03,15256,
National Commodity & Derivatives Exchange,Brent Crude Oil,May,2007,2007-05,9282,
National Commodity & Derivatives Exchange,Brent Crude Oil,September,2007,2007-09,8169,
National Commodity & Derivatives Exchange,Brent Crude Oil,June,2007,2007-06,9069,
National Commodity & Derivatives Exchange,Brent Crude Oil,April,2007,2007-04,5741,
ICE Futures Europe,Brent Crude Oil,March,2007,2007-03,5180267,
National Commodity & Derivatives Exchange,Brent Crude Oil,August,2007,2007-08,15211,
ICE Futures Europe,Brent Crude Oil,April,2007,2007-04,4297093,
ICE Futures Europe,Brent Crude Oil,July,2007,2007-07,5116922,
National Commodity & Derivatives Exchange,Brent Crude Oil,July,2007,2007-07,16154,
International Petroleum Exchange,Brent Crude Oil,August,2004,2004-08,2148324,
International Petroleum Exchange,Brent Crude Oil,September,2004,2004-09,2265777,
International Petroleum Exchange,Brent Crude Oil,July,2004,2004-07,2163891,
International Petroleum Exchange,Brent Crude Oil,June,2004,2004-06,2395212,
International Petroleum Exchange,Brent Crude Oil,April,2004,2004-04,2070175,
International Petroleum Exchange,Brent Crude Oil,May,2004,2004-05,2012016,
International Petroleum Exchange,Brent Crude Oil,March,2004,2004-03,2310399,
International Petroleum Exchange,Brent Crude Oil,January,2004,2004-01,2053820,
International Petroleum Exchange,Brent Crude Oil,February,2004,2004-02,1871746,
International Petroleum Exchange,Brent Crude Oil,October,2004,2004-10,2119465,
ICE Futures Europe,Brent Crude Oil,October,2006,2006-10,4608370,
National Commodity & Derivatives Exchange,Brent Crude Oil,December,2006,2006-12,8339,
National Commodity & Derivatives Exchange,Brent Crude Oil,October,2006,2006-10,12369,
ICE Futures Europe,Brent Crude Oil,December,2006,2006-12,3329081,
ICE Futures Europe,Brent Crude Oil,September,2006,2006-09,3870283,
National Commodity & Derivatives Exchange,Brent Crude Oil,January,2007,2007-01,20139,
ICE Futures Europe,Brent Crude Oil,February,2007,2007-02,4291322,
ICE Futures Europe,Brent Crude Oil,November,2006,2006-11,4327934,
ICE Futures Europe,Brent Crude Oil,January,2007,2007-01,5454224,
National Commodity & Derivatives Exchange,Brent Crude Oil,September,2006,2006-09,8701,
National Commodity & Derivatives Exchange,Brent Crude Oil,February,2007,2007-02,15744,
National Commodity & Derivatives Exchange,Brent Crude Oil,November,2006,2006-11,13346,
ICE Futures Europe,Brent Crude Oil,January,2012,2012-01,11207761,
ICE Futures Europe,Brent Crude Oil,February,2012,2012-02,12176529,
Thailand Futures Exchange,Brent Crude Oil,April,2012,2012-04,9058,
Thailand Futures Exchange,Brent Crude Oil,March,2012,2012-03,14483,
ICE Futures Europe,Brent Crude Oil,March,2012,2012-03,12102373,
Thailand Futures Exchange,Brent Crude Oil,February,2012,2012-02,12487,
Thailand Futures Exchange,Brent Crude Oil,December,2011,2011-12,116,
Thailand Futures Exchange,Brent Crude Oil,October,2011,2011-10,2628,
Thailand Futures Exchange,Brent Crude Oil,November,2011,2011-11,576,
ICE Futures Europe,Brent Crude Oil,October,2011,2011-10,12454585,
ICE Futures Europe,Brent Crude Oil,November,2011,2011-11,12489092,
ICE Futures Europe,Brent Crude Oil,September,2011,2011-09,12733851,
Thailand Futures Exchange,Brent Crude Oil,January,2012,2012-01,7652,
ICE Futures Europe,Brent Crude Oil,December,2011,2011-12,7871755,
ICE Futures Europe,Brent Crude Oil,August,2011,2011-08,12266810,
ICE Futures Europe,Brent Crude Oil,April,2011,2011-04,8457242,
ICE Futures Europe,Brent Crude Oil,May,2011,2011-05,11121699,
ICE Futures Europe,Brent Crude Oil,July,2011,2011-07,8915456,
ICE Futures Europe,Brent Crude Oil,June,2011,2011-06,12975761,
National Commodity & Derivatives Exchange,Brent Crude Oil,April,2011,2011-04,274,
ICE Futures Europe,Brent Crude Oil,February,2011,2011-02,10956940,
ICE Futures Europe,Brent Crude Oil,December,2010,2010-12,7777414,
ICE Futures Europe,Brent Crude Oil,January,2011,2011-01,10681994,
ICE Futures Europe,Brent Crude Oil,March,2011,2011-03,11120378,
ICE Futures Europe,Brent Crude Oil,August,2010,2010-08,8311420,
ICE Futures Europe,Brent Crude Oil,November,2010,2010-11,8557014,
ICE Futures Europe,Brent Crude Oil,October,2010,2010-10,8559009,
ICE Futures Europe,Brent Crude Oil,July,2010,2010-07,7344259,
ICE Futures Europe,Brent Crude Oil,September,2010,2010-09,8828441,
International Petroleum Exchange,Brent Crude Oil,April,2002,2002-04,2068250,
International Petroleum Exchange,Brent Crude Oil,September,2001,2001-09,1986701,
International Petroleum Exchange,Brent Crude Oil,March,2002,2002-03,1871025,
International Petroleum Exchange,Brent Crude Oil,November,2001,2001-11,1696846,
International Petroleum Exchange,Brent Crude Oil,June,2001,2001-06,1606017,
International Petroleum Exchange,Brent Crude Oil,October,2001,2001-10,1500451,
International Petroleum Exchange,Brent Crude Oil,February,2002,2002-02,1639041,
International Petroleum Exchange,Brent Crude Oil,January,2002,2002-01,1890061,
International Petroleum Exchange,Brent Crude Oil,December,2001,2001-12,1256602,
International Petroleum Exchange,Brent Crude Oil,July,2001,2001-07,1429670,
International Petroleum Exchange,Brent Crude Oil,August,2001,2001-08,1289152,
ICE Futures Europe,Brent Crude Oil,January,2006,2006-01,3375641,
National Commodity & Derivatives Exchange,Brent Crude Oil,November,2005,2005-11,18753,
National Commodity & Derivatives Exchange,Brent Crude Oil,December,2005,2005-12,18465,
ICE Futures Europe,Brent Crude Oil,October,2005,2005-10,2785077,
ICE Futures Europe,Brent Crude Oil,August,2005,2005-08,3180411,
ICE Futures Europe,Brent Crude Oil,July,2005,2005-07,2644671,
ICE Futures Europe,Brent Crude Oil,September,2005,2005-09,2907004,
National Commodity & Derivatives Exchange,Brent Crude Oil,September,2005,2005-09,60043,
National Commodity & Derivatives Exchange,Brent Crude Oil,January,2006,2006-01,12741,
ICE Futures Europe,Brent Crude Oil,November,2005,2005-11,2797160,
National Commodity & Derivatives Exchange,Brent Crude Oil,October,2005,2005-10,28607,
ICE Futures Europe,Brent Crude Oil,December,2005,2005-12,2542492,
International Petroleum Exchange,Brent Crude Oil,November,2004,2004-11,2242365,
ICE Futures Europe,Brent Crude Oil,April,2005,2005-04,2105392,
ICE Futures Europe,Brent Crude Oil,June,2005,2005-06,2839339,
ICE Futures Europe,Brent Crude Oil,February,2005,2005-02,1986936,
ICE Futures Europe,Brent Crude Oil,March,2005,2005-03,2221236,
ICE Futures Europe,Brent Crude Oil,January,2005,2005-01,1953429,
ICE Futures Europe,Brent Crude Oil,May,2005,2005-05,2448880,
International Petroleum Exchange,Brent Crude Oil,December,2004,2004-12,1805069,
International Petroleum Exchange,Brent Crude Oil,May,1996,1996-05,885576,
International Petroleum Exchange,Brent Crude Oil,August,1996,1996-08,812231,
International Petroleum Exchange,Brent Crude Oil,December,1995,1995-12,725940,
International Petroleum Exchange,Brent Crude Oil,September,1996,1996-09,928460,
International Petroleum Exchange,Brent Crude Oil,April,1996,1996-04,1026999,
International Petroleum Exchange,Brent Crude Oil,February,1996,1996-02,940330,
International Petroleum Exchange,Brent Crude Oil,March,1996,1996-03,989337,
International Petroleum Exchange,Brent Crude Oil,June,1996,1996-06,732552,
International Petroleum Exchange,Brent Crude Oil,July,1996,1996-07,795444,
International Petroleum Exchange,Brent Crude Oil,October,1996,1996-10,965048,
International Petroleum Exchange,Brent Crude Oil,November,1995,1995-11,751355,
International Petroleum Exchange,Brent Crude Oil,January,1996,1996-01,1096740,
ICE Futures Europe,Brent Crude Oil,November,2012,2012-11,11804025,
ICE Futures Europe,Brent Crude Oil,September,2012,2012-09,12194029,
Thailand Futures Exchange,Brent Crude Oil,October,2012,2012-10,13884,
Thailand Futures Exchange,Brent Crude Oil,November,2012,2012-11,15728,
Thailand Futures Exchange,Brent Crude Oil,December,2012,2012-12,7915,
ICE Futures Europe,Brent Crude Oil,October,2012,2012-10,13170798,
ICE Futures Europe,Brent Crude Oil,December,2012,2012-12,8706684,
Thailand Futures Exchange,Brent Crude Oil,September,2012,2012-09,13717,
ICE Futures Europe,Brent Crude Oil,July,2012,2012-07,13133717,
ICE Futures Europe,Brent Crude Oil,April,2012,2012-04,11682328,
Thailand Futures Exchange,Brent Crude Oil,June,2012,2012-06,10773,
ICE Futures Europe,Brent Crude Oil,May,2012,2012-05,13530869,
ICE Futures Europe,Brent Crude Oil,June,2012,2012-06,15051783,
Thailand Futures Exchange,Brent Crude Oil,July,2012,2012-07,15009,
Thailand Futures Exchange,Brent Crude Oil,August,2012,2012-08,14884,
ICE Futures Europe,Brent Crude Oil,August,2012,2012-08,12624962,
National Commodity & Derivatives Exchange,Brent Crude Oil,August,2012,2012-08,10,
Thailand Futures Exchange,Brent Crude Oil,May,2012,2012-05,12233,
International Petroleum Exchange,Brent Crude Oil,June,2002,2002-06,1440627,
International Petroleum Exchange,Brent Crude Oil,October,2002,2002-10,1957684,
International Petroleum Exchange,Brent Crude Oil,May,2002,2002-05,1876019,
International Petroleum Exchange,Brent Crude Oil,July,2002,2002-07,1731883,
International Petroleum Exchange,Brent Crude Oil,January,2003,2003-01,2277664,
International Petroleum Exchange,Brent Crude Oil,December,2002,2002-12,1623756,
International Petroleum Exchange,Brent Crude Oil,August,2002,2002-08,1643254,
International Petroleum Exchange,Brent Crude Oil,February,2003,2003-02,1901191,
International Petroleum Exchange,Brent Crude Oil,September,2002,2002-09,1854543,
International Petroleum Exchange,Brent Crude Oil,November,2002,2002-11,1897343,
ICE Futures Europe,Brent Crude Oil,January,2013,2013-01,13298193,1492216
ICE Futures Europe,Brent Crude Oil,January,2014,2014-01,13031873,1493411
ICE Futures Europe,Brent Crude Oil,February,2013,2013-02,12212794,1544407
ICE Futures Europe,Brent Crude Oil,February,2014,2014-02,10723789,1557957
ICE Futures Europe,Brent Crude Oil,March,2013,2013-03,13601879,1479660
ICE Futures Europe,Brent Crude Oil,March,2014,2014-03,11975660,1518512
ICE Futures Europe,Brent Crude Oil,April,2013,2013-04,16588993,1572795
ICE Futures Europe,Brent Crude Oil,April,2014,2014-04,12016246,1485678
ICE Futures Europe,Brent Crude Oil,May,2013,2013-05,13866863,1517891
ICE Futures Europe,Brent Crude Oil,May,2014,2014-05,11660131,1550321
ICE Futures Europe,Brent Crude Oil,June,2013,2013-06,11592912,1541611
ICE Futures Europe,Brent Crude Oil,June,2014,2014-06,14052812,1656691
ICE Futures Europe,Brent Crude Oil,July,2013,2013-07,13696067,1533909
ICE Futures Europe,Brent Crude Oil,July,2014,2014-07,17204621,1323216
ICE Futures Europe,Brent Crude Oil,August,2013,2013-08,13694741,1522425
ICE Futures Europe,Brent Crude Oil,August,2014,2014-08,12868033,1376267
ICE Futures Europe,Brent Crude Oil,September,2013,2013-09,13467312,1512436
ICE Futures Europe,Brent Crude Oil,September,2014,2014-09,13590871,1447404
ICE Futures Europe,Brent Crude Oil,October,2013,2013-10,13851408,1458766
ICE Futures Europe,Brent Crude Oil,October,2014,2014-10,16926914,1504149
ICE Futures Europe,Brent Crude Oil,November,2013,2013-11,13273991,1556689
ICE Futures Europe,Brent Crude Oil,November,2014,2014-11,13246917,1492740
ICE Futures Europe,Brent Crude Oil,December,2013,2013-12,9956950,1442907
ICE Futures Europe,Brent Crude Oil,December,2014,2014-12,13127594,1512535
JSE Securities Exchange,Brent Crude Oil,January,2014,2014-01,56,59
JSE Securities Exchange,Brent Crude Oil,February,2014,2014-02,9,30
JSE Securities Exchange,Brent Crude Oil,March,2014,2014-03,20,20
JSE Securities Exchange,Brent Crude Oil,June,2014,2014-06,48,30
JSE Securities Exchange,Brent Crude Oil,July,2014,2014-07,27,28
JSE Securities Exchange,Brent Crude Oil,November,2014,2014-11,29,2
JSE Securities Exchange,Brent Crude Oil,December,2013,2013-12,10,10
JSE Securities Exchange,Brent Crude Oil,December,2014,2014-12,4,2
National Commodity & Derivatives Exchange,Brent Crude Oil,June,2014,2014-06,87,1
National Commodity & Derivatives Exchange,Brent Crude Oil,July,2014,2014-07,108,1
National Commodity & Derivatives Exchange,Brent Crude Oil,August,2014,2014-08,1,0
Thailand Futures Exchange,Brent Crude Oil,January,2013,2013-01,8338,750
Thailand Futures Exchange,Brent Crude Oil,January,2014,2014-01,2377,176
Thailand Futures Exchange,Brent Crude Oil,February,2013,2013-02,6672,839
Thailand Futures Exchange,Brent Crude Oil,February,2014,2014-02,2062,195
Thailand Futures Exchange,Brent Crude Oil,March,2013,2013-03,4940,908
Thailand Futures Exchange,Brent Crude Oil,March,2014,2014-03,3298,426
Thailand Futures Exchange,Brent Crude Oil,April,2013,2013-04,4845,542
Thailand Futures Exchange,Brent Crude Oil,April,2014,2014-04,3286,408
Thailand Futures Exchange,Brent Crude Oil,May,2013,2013-05,4186,381
Thailand Futures Exchange,Brent Crude Oil,May,2014,2014-05,2844,592
Thailand Futures Exchange,Brent Crude Oil,June,2013,2013-06,2703,297
Thailand Futures Exchange,Brent Crude Oil,June,2014,2014-06,3568,411
Thailand Futures Exchange,Brent Crude Oil,July,2013,2013-07,2411,294
Thailand Futures Exchange,Brent Crude Oil,July,2014,2014-07,3872,590
Thailand Futures Exchange,Brent Crude Oil,August,2013,2013-08,2669,322
Thailand Futures Exchange,Brent Crude Oil,August,2014,2014-08,2310,598
Thailand Futures Exchange,Brent Crude Oil,September,2013,2013-09,2918,291
Thailand Futures Exchange,Brent Crude Oil,September,2014,2014-09,2550,391
Thailand Futures Exchange,Brent Crude Oil,October,2013,2013-10,2513,251
Thailand Futures Exchange,Brent Crude Oil,October,2014,2014-10,2216,279
Thailand Futures Exchange,Brent Crude Oil,November,2013,2013-11,2288,253
Thailand Futures Exchange,Brent Crude Oil,November,2014,2014-11,1879,406
Thailand Futures Exchange,Brent Crude Oil,December,2013,2013-12,2013,253
Thailand Futures Exchange,Brent Crude Oil,December,2014,2014-12,2268,449
ICE Futures Europe,Brent Crude Oil,January,2015,2015-01,17530453,1825886
ICE Futures Europe,Brent Crude Oil,January,2016,2016-01,21586558,2108601
ICE Futures Europe,Brent Crude Oil,February,2015,2015-02,17046207,1838308
ICE Futures Europe,Brent Crude Oil,February,2016,2016-02,18354421,2217803
ICE Futures Europe,Brent Crude Oil,March,2015,2015-03,15865184,1964341
ICE Futures Europe,Brent Crude Oil,March,2016,2016-03,17028108,2181823
ICE Futures Europe,Brent Crude Oil,April,2015,2015-04,14511609,1986992
ICE Futures Europe,Brent Crude Oil,April,2016,2016-04,18523323,2252415
ICE Futures Europe,Brent Crude Oil,May,2015,2015-05,13122662,1760412
ICE Futures Europe,Brent Crude Oil,May,2016,2016-05,16186956,2190724
ICE Futures Europe,Brent Crude Oil,June,2015,2015-06,15091348,1826364
ICE Futures Europe,Brent Crude Oil,June,2016,2016-06,15937205,2230207
ICE Futures Europe,Brent Crude Oil,July,2015,2015-07,16156657,1893504
ICE Futures Europe,Brent Crude Oil,July,2016,2016-07,16077986,2166688
ICE Futures Europe,Brent Crude Oil,August,2015,2015-08,16080118,1927676
ICE Futures Europe,Brent Crude Oil,August,2016,2016-08,16342140,2151512
ICE Futures Europe,Brent Crude Oil,September,2015,2015-09,14291637,2017934
ICE Futures Europe,Brent Crude Oil,September,2016,2016-09,17682071,2176879
ICE Futures Europe,Brent Crude Oil,October,2015,2015-10,14912490,2196541
ICE Futures Europe,Brent Crude Oil,November,2015,2015-11,14132245,2187529
ICE Futures Europe,Brent Crude Oil,December,2015,2015-12,15112564,2030972
JSE Securities Exchange,Brent Crude Oil,January,2015,2015-01,50,10
JSE Securities Exchange,Brent Crude Oil,January,2016,2016-01,277,3219
JSE Securities Exchange,Brent Crude Oil,February,2015,2015-02,7,3
JSE Securities Exchange,Brent Crude Oil,February,2016,2016-02,1416,4407
JSE Securities Exchange,Brent Crude Oil,March,2015,2015-03,4274,525
JSE Securities Exchange,Brent Crude Oil,March,2016,2016-03,13269,4506
JSE Securities Exchange,Brent Crude Oil,April,2015,2015-04,4402,2423
JSE Securities Exchange,Brent Crude Oil,April,2016,2016-04,8009,796
JSE Securities Exchange,Brent Crude Oil,May,2015,2015-05,374,2540
JSE Securities Exchange,Brent Crude Oil,May,2016,2016-05,4431,1273
JSE Securities Exchange,Brent Crude Oil,June,2015,2015-06,6393,3120
JSE Securities Exchange,Brent Crude Oil,June,2016,2016-06,3543,644
JSE Securities Exchange,Brent Crude Oil,July,2015,2015-07,3713,544
JSE Securities Exchange,Brent Crude Oil,July,2016,2016-07,1055,426
JSE Securities Exchange,Brent Crude Oil,August,2015,2015-08,375,390
JSE Securities Exchange,Brent Crude Oil,August,2016,2016-08,2902,1669
JSE Securities Exchange,Brent Crude Oil,September,2015,2015-09,395,6
JSE Securities Exchange,Brent Crude Oil,September,2016,2016-09,11322,1590
JSE Securities Exchange,Brent Crude Oil,October,2015,2015-10,941,563
JSE Securities Exchange,Brent Crude Oil,November,2015,2015-11,1723,34
JSE Securities Exchange,Brent Crude Oil,December,2015,2015-12,3093,2960
Thailand Futures Exchange,Brent Crude Oil,January,2015,2015-01,2896,505
Thailand Futures Exchange,Brent Crude Oil,January,2016,2016-01,2817,391
Thailand Futures Exchange,Brent Crude Oil,February,2015,2015-02,3473,351
Thailand Futures Exchange,Brent Crude Oil,February,2016,2016-02,3765,528
Thailand Futures Exchange,Brent Crude Oil,March,2015,2015-03,2506,550
Thailand Futures Exchange,Brent Crude Oil,March,2016,2016-03,2961,495
Thailand Futures Exchange,Brent Crude Oil,April,2015,2015-04,2152,398
Thailand Futures Exchange,Brent Crude Oil,April,2016,2016-04,2507,531
Thailand Futures Exchange,Brent Crude Oil,May,2015,2015-05,1278,218
Thailand Futures Exchange,Brent Crude Oil,May,2016,2016-05,2156,397
Thailand Futures Exchange,Brent Crude Oil,June,2015,2015-06,1585,355
Thailand Futures Exchange,Brent Crude Oil,June,2016,2016-06,2308,235
Thailand Futures Exchange,Brent Crude Oil,July,2015,2015-07,1244,352
Thailand Futures Exchange,Brent Crude Oil,July,2016,2016-07,1522,249
Thailand Futures Exchange,Brent Crude Oil,August,2015,2015-08,1852,389
Thailand Futures Exchange,Brent Crude Oil,August,2016,2016-08,1040,156
Thailand Futures Exchange,Brent Crude Oil,September,2015,2015-09,2852,506
Thailand Futures Exchange,Brent Crude Oil,October,2015,2015-10,2771,548
Thailand Futures Exchange,Brent Crude Oil,November,2015,2015-11,2036,501
Thailand Futures Exchange,Brent Crude Oil,December,2015,2015-12,1325,384
